name,appearance,atomic_mass,boil,category,density,discovered_by,melt,molar_heat,number,period,phase,source,spectral_img,summary,symbol,xpos,ypos,electron_configuration,electron_configuration_semantic,electron_affinity,electronegativity_pauling,cpk_hex
Hydrogen,colorless gas,1.008,20.271,diatomic nonmetal,0.08988,Henry Cavendish,13.99,28.836,1,1,Gas,https://en.wikipedia.org/wiki/Hydrogen,https://en.wikipedia.org/wiki/File:Hydrogen_Spectra.jpg,"Hydrogen is a chemical element with chemical symbol H and atomic number 1. With an atomic weight of 1.00794 u, hydrogen is the lightest element on the periodic table. Its monatomic form (H) is the most abundant chemical substance in the Universe, constituting roughly 75% of all baryonic mass.",H,1,1,1s1,1s1,72.769,2.2,ffffff
Helium,"colorless gas, exhibiting a red-orange glow when placed in a high-voltage electric field",4.0026022,4.222,noble gas,0.1786,Pierre Janssen,0.95,N/A,2,1,Gas,https://en.wikipedia.org/wiki/Helium,https://en.wikipedia.org/wiki/File:Helium_spectrum.jpg,"Helium is a chemical element with symbol He and atomic number 2. It is a colorless, odorless, tasteless, non-toxic, inert, monatomic gas that heads the noble gas group in the periodic table. Its boiling and melting points are the lowest among all the elements.",He,18,1,1s2,1s2,-48,N/A,d9ffff
Lithium,silvery-white,6.94,1603,alkali metal,0.534,Johan August Arfwedson,453.65,24.86,3,2,Solid,https://en.wikipedia.org/wiki/Lithium,N/A,"Lithium (from Greek:λίθος lithos, ""stone"") is a chemical element with the symbol Li and atomic number 3. It is a soft, silver-white metal belonging to the alkali metal group of chemical elements. Under standard conditions it is the lightest metal and the least dense solid element.",Li,1,2,1s2 2s1,[He] 2s1,59.6326,0.98,cc80ff
Beryllium,white-gray metallic,9.01218315,2742,alkaline earth metal,1.85,Louis Nicolas Vauquelin,1560,16.443,4,2,Solid,https://en.wikipedia.org/wiki/Beryllium,N/A,Beryllium is a chemical element with symbol Be and atomic number 4. It is created through stellar nucleosynthesis and is a relatively rare element in the universe. It is a divalent element which occurs naturally only in combination with other elements in minerals.,Be,2,2,1s2 2s2,[He] 2s2,-48,1.57,c2ff00
Boron,black-brown,10.81,4200,metalloid,2.08,Joseph Louis Gay-Lussac,2349,11.087,5,2,Solid,https://en.wikipedia.org/wiki/Boron,N/A,"Boron is a metalloid chemical element with symbol B and atomic number 5. Produced entirely by cosmic ray spallation and supernovae and not by stellar nucleosynthesis, it is a low-abundance element in both the Solar system and the Earth's crust. Boron is concentrated on Earth by the water-solubility of its more common naturally occurring compounds, the borate minerals.",B,13,2,1s2 2s2 2p1,[He] 2s2 2p1,26.989,2.04,ffb5b5
Carbon,N/A,12.011,N/A,polyatomic nonmetal,1.821,Ancient Egypt,N/A,8.517,6,2,Solid,https://en.wikipedia.org/wiki/Carbon,https://en.wikipedia.org/wiki/File:Carbon_Spectra.jpg,"Carbon (from Latin:carbo ""coal"") is a chemical element with symbol C and atomic number 6. On the periodic table, it is the first (row 2) of six elements in column (group) 14, which have in common the composition of their outer electron shell. It is nonmetallic and tetravalent—making four electrons available to form covalent chemical bonds.",C,14,2,1s2 2s2 2p2,[He] 2s2 2p2,121.7763,2.55,909090
Nitrogen,"colorless gas, liquid or solid",14.007,77.355,diatomic nonmetal,1.251,Daniel Rutherford,63.15,N/A,7,2,Gas,https://en.wikipedia.org/wiki/Nitrogen,https://en.wikipedia.org/wiki/File:Nitrogen_Spectra.jpg,"Nitrogen is a chemical element with symbol N and atomic number 7. It is the lightest pnictogen and at room temperature, it is a transparent, odorless diatomic gas. Nitrogen is a common element in the universe, estimated at about seventh in total abundance in the Milky Way and the Solar System.",N,15,2,1s2 2s2 2p3,[He] 2s2 2p3,-6.8,3.04,3050f8
Oxygen,N/A,15.999,90.188,diatomic nonmetal,1.429,Carl Wilhelm Scheele,54.36,N/A,8,2,Gas,https://en.wikipedia.org/wiki/Oxygen,https://en.wikipedia.org/wiki/File:Oxygen_spectre.jpg,"Oxygen is a chemical element with symbol O and atomic number 8. It is a member of the chalcogen group on the periodic table and is a highly reactive nonmetal and oxidizing agent that readily forms compounds (notably oxides) with most elements. By mass, oxygen is the third-most abundant element in the universe, after hydrogen and helium.",O,16,2,1s2 2s2 2p4,[He] 2s2 2p4,140.976,3.44,ff0d0d
Fluorine,N/A,18.99840316,85.03,diatomic nonmetal,1.696,André-Marie Ampère,53.48,N/A,9,2,Gas,https://en.wikipedia.org/wiki/Fluorine,N/A,"Fluorine is a chemical element with symbol F and atomic number 9. It is the lightest halogen and exists as a highly toxic pale yellow diatomic gas at standard conditions. As the most electronegative element, it is extremely reactive:almost all other elements, including some noble gases, form compounds with fluorine.",F,17,2,1s2 2s2 2p5,[He] 2s2 2p5,328.1649,3.98,9.00E+51
Neon,colorless gas exhibiting an orange-red glow when placed in a high voltage electric field,20.17976,27.104,noble gas,0.9002,Morris Travers,24.56,N/A,10,2,Gas,https://en.wikipedia.org/wiki/Neon,https://en.wikipedia.org/wiki/File:Neon_spectra.jpg,"Neon is a chemical element with symbol Ne and atomic number 10. It is in group 18 (noble gases) of the periodic table. Neon is a colorless, odorless, inert monatomic gas under standard conditions, with about two-thirds the density of air.",Ne,18,2,1s2 2s2 2p6,[He] 2s2 2p6,-116,N/A,b3e3f5
Sodium,silvery white metallic,22.98976928,1156.09,alkali metal,0.968,Humphry Davy,370.944,28.23,11,3,Solid,https://en.wikipedia.org/wiki/Sodium,https://en.wikipedia.org/wiki/File:Sodium_Spectra.jpg,"Sodium /ˈsoʊdiəm/ is a chemical element with symbol Na (from Ancient Greek Νάτριο) and atomic number 11. It is a soft, silver-white, highly reactive metal. In the Periodic table it is in column 1 (alkali metals), and shares with the other six elements in that column that it has a single electron in its outer shell, which it readily donates, creating a positively charged atom - a cation.",Na,1,3,1s2 2s2 2p6 3s1,[Ne] 3s1,52.867,0.93,ab5cf2
Magnesium,shiny grey solid,24.305,1363,alkaline earth metal,1.738,Joseph Black,923,24.869,12,3,Solid,https://en.wikipedia.org/wiki/Magnesium,https://en.wikipedia.org/wiki/File:Magnesium_Spectra.jpg,"Magnesium is a chemical element with symbol Mg and atomic number 12. It is a shiny gray solid which bears a close physical resemblance to the other five elements in the second column (Group 2, or alkaline earth metals) of the periodic table:they each have the same electron configuration in their outer electron shell producing a similar crystal structure. Magnesium is the ninth most abundant element in the universe.",Mg,2,3,1s2 2s2 2p6 3s2,[Ne] 3s2,-40,1.31,8aff00
Aluminium,silvery gray metallic,26.98153857,2743,post-transition metal,2.7,N/A,933.47,24.2,13,3,Solid,https://en.wikipedia.org/wiki/Aluminium,N/A,"Aluminium (or aluminum; see different endings) is a chemical element in the boron group with symbol Al and atomic number 13. It is a silvery-white, soft, nonmagnetic, ductile metal. Aluminium is the third most abundant element (after oxygen and silicon), and the most abundant metal, in the Earth's crust.",Al,13,3,1s2 2s2 2p6 3s2 3p1,[Ne] 3s2 3p1,41.762,1.61,bfa6a6
Silicon,"crystalline, reflective with bluish-tinged faces",28.085,3538,metalloid,2.329,Jöns Jacob Berzelius,1687,19.789,14,3,Solid,https://en.wikipedia.org/wiki/Silicon,https://en.wikipedia.org/wiki/File:Silicon_Spectra.jpg,"Silicon is a chemical element with symbol Si and atomic number 14. It is a tetravalent metalloid, more reactive than germanium, the metalloid directly below it in the table. Controversy about silicon's character dates to its discovery.",Si,14,3,1s2 2s2 2p6 3s2 3p2,[Ne] 3s2 3p2,134.0684,1.9,f0c8a0
Phosphorus,"colourless, waxy white, yellow, scarlet, red, violet, black",30.973762,N/A,polyatomic nonmetal,1.823,Hennig Brand,N/A,23.824,15,3,Solid,https://en.wikipedia.org/wiki/Phosphorus,N/A,"Phosphorus is a chemical element with symbol P and atomic number 15. As an element, phosphorus exists in two major forms—white phosphorus and red phosphorus—but due to its high reactivity, phosphorus is never found as a free element on Earth. Instead phosphorus-containing minerals are almost always present in their maximally oxidised state, as inorganic phosphate rocks.",P,15,3,1s2 2s2 2p6 3s2 3p3,[Ne] 3s2 3p3,72.037,2.19,ff8000
Sulfur,lemon yellow sintered microcrystals,32.06,717.8,polyatomic nonmetal,2.07,Ancient china,388.36,22.75,16,3,Solid,https://en.wikipedia.org/wiki/Sulfur,https://en.wikipedia.org/wiki/File:Sulfur_Spectrum.jpg,"Sulfur or sulphur (see spelling differences) is a chemical element with symbol S and atomic number 16. It is an abundant, multivalent non-metal. Under normal conditions, sulfur atoms form cyclic octatomic molecules with chemical formula S8.",S,16,3,1s2 2s2 2p6 3s2 3p4,[Ne] 3s2 3p4,200.4101,2.58,ffff30
Chlorine,pale yellow-green gas,35.45,239.11,diatomic nonmetal,3.2,Carl Wilhelm Scheele,171.6,N/A,17,3,Gas,https://en.wikipedia.org/wiki/Chlorine,https://en.wikipedia.org/wiki/File:Chlorine_spectrum_visible.png,Chlorine is a chemical element with symbol Cl and atomic number 17. It also has a relative atomic mass of 35.5. Chlorine is in the halogen group (17) and is the second lightest halogen following fluorine.,Cl,17,3,1s2 2s2 2p6 3s2 3p5,[Ne] 3s2 3p5,348.575,3.16,1ff01f
Argon,colorless gas exhibiting a lilac/violet glow when placed in a high voltage electric field,39.9481,87.302,noble gas,1.784,Lord Rayleigh,83.81,N/A,18,3,Gas,https://en.wikipedia.org/wiki/Argon,https://en.wikipedia.org/wiki/File:Argon_Spectrum.png,"Argon is a chemical element with symbol Ar and atomic number 18. It is in group 18 of the periodic table and is a noble gas. Argon is the third most common gas in the Earth's atmosphere, at 0.934% (9,340 ppmv), making it over twice as abundant as the next most common atmospheric gas, water vapor (which averages about 4000 ppmv, but varies greatly), and 23 times as abundant as the next most common non-condensing atmospheric gas, carbon dioxide (400 ppmv), and more than 500 times as abundant as the next most common noble gas, neon (18 ppmv).",Ar,18,3,1s2 2s2 2p6 3s2 3p6,[Ne] 3s2 3p6,-96,N/A,80d1e3
Potassium,silvery gray,39.09831,1032,alkali metal,0.862,Humphry Davy,336.7,29.6,19,4,Solid,https://en.wikipedia.org/wiki/Potassium,https://en.wikipedia.org/wiki/File:Potassium_Spectrum.jpg,"Potassium is a chemical element with symbol K (derived from Neo-Latin, kalium) and atomic number 19. It was first isolated from potash, the ashes of plants, from which its name is derived. In the Periodic table, potassium is one of seven elements in column (group) 1 (alkali metals):they all have a single valence electron in their outer electron shell, which they readily give up to create an atom with a positive charge - a cation, and combine with anions to form salts.",K,1,4,1s2 2s2 2p6 3s2 3p6 4s1,[Ar] 4s1,48.383,0.82,8f40d4
Calcium,N/A,40.0784,1757,alkaline earth metal,1.55,Humphry Davy,1115,25.929,20,4,Solid,https://en.wikipedia.org/wiki/Calcium,https://en.wikipedia.org/wiki/File:Calcium_Spectrum.png,"Calcium is a chemical element with symbol Ca and atomic number 20. Calcium is a soft gray alkaline earth metal, fifth-most-abundant element by mass in the Earth's crust. The ion Ca2+ is also the fifth-most-abundant dissolved ion in seawater by both molarity and mass, after sodium, chloride, magnesium, and sulfate.",Ca,2,4,1s2 2s2 2p6 3s2 3p6 4s2,[Ar] 4s2,2.37,1,3dff00
Scandium,silvery white,44.9559085,3109,transition metal,2.985,Lars Fredrik Nilson,1814,25.52,21,4,Solid,https://en.wikipedia.org/wiki/Scandium,N/A,"Scandium is a chemical element with symbol Sc and atomic number 21. A silvery-white metallic d-block element, it has historically been sometimes classified as a rare earth element, together with yttrium and the lanthanoids. It was discovered in 1879 by spectral analysis of the minerals euxenite and gadolinite from Scandinavia.",Sc,3,4,1s2 2s2 2p6 3s2 3p6 4s2 3d1,[Ar] 3d1 4s2,18,1.36,e6e6e6
Titanium,silvery grey-white metallic,47.8671,3560,transition metal,4.506,William Gregor,1941,25.06,22,4,Solid,https://en.wikipedia.org/wiki/Titanium,N/A,"Titanium is a chemical element with symbol Ti and atomic number 22. It is a lustrous transition metal with a silver color, low density and high strength. It is highly resistant to corrosion in sea water, aqua regia and chlorine.",Ti,4,4,1s2 2s2 2p6 3s2 3p6 4s2 3d2,[Ar] 3d2 4s2,7.289,1.54,bfc2c7
Vanadium,blue-silver-grey metal,50.94151,3680,transition metal,6,Andrés Manuel del Río,2183,24.89,23,4,Solid,https://en.wikipedia.org/wiki/Vanadium,N/A,"Vanadium is a chemical element with symbol V and atomic number 23. It is a hard, silvery grey, ductile and malleable transition metal. The element is found only in chemically combined form in nature, but once isolated artificially, the formation of an oxide layer stabilizes the free metal somewhat against further oxidation.",V,5,4,1s2 2s2 2p6 3s2 3p6 4s2 3d3,[Ar] 3d3 4s2,50.911,1.63,a6a6ab
Chromium,silvery metallic,51.99616,2944,transition metal,7.19,Louis Nicolas Vauquelin,2180,23.35,24,4,Solid,https://en.wikipedia.org/wiki/Chromium,N/A,"Chromium is a chemical element with symbol Cr and atomic number 24. It is the first element in Group 6. It is a steely-gray, lustrous, hard and brittle metal which takes a high polish, resists tarnishing, and has a high melting point.",Cr,6,4,1s2 2s2 2p6 3s2 3p6 4s1 3d5,[Ar] 3d5 4s1,65.21,1.66,8a99c7
Manganese,silvery metallic,54.9380443,2334,transition metal,7.21,Torbern Olof Bergman,1519,26.32,25,4,Solid,https://en.wikipedia.org/wiki/Manganese,N/A,"Manganese is a chemical element with symbol Mn and atomic number 25. It is not found as a free element in nature; it is often found in combination with iron, and in many minerals. Manganese is a metal with important industrial metal alloy uses, particularly in stainless steels.",Mn,7,4,1s2 2s2 2p6 3s2 3p6 4s2 3d5,[Ar] 3d5 4s2,-50,1.55,9c7ac7
Iron,lustrous metallic with a grayish tinge,55.8452,3134,transition metal,7.874,5000 BC,1811,25.1,26,4,Solid,https://en.wikipedia.org/wiki/Iron,https://en.wikipedia.org/wiki/File:Iron_Spectrum.jpg,"Iron is a chemical element with symbol Fe (from Latin:ferrum) and atomic number 26. It is a metal in the first transition series. It is by mass the most common element on Earth, forming much of Earth's outer and inner core.",Fe,8,4,1s2 2s2 2p6 3s2 3p6 4s2 3d6,[Ar] 3d6 4s2,14.785,1.83,e06633
Cobalt,hard lustrous gray metal,58.9331944,3200,transition metal,8.9,Georg Brandt,1768,24.81,27,4,Solid,https://en.wikipedia.org/wiki/Cobalt,N/A,"Cobalt is a chemical element with symbol Co and atomic number 27. Like nickel, cobalt in the Earth's crust is found only in chemically combined form, save for small deposits found in alloys of natural meteoric iron. The free element, produced by reductive smelting, is a hard, lustrous, silver-gray metal.",Co,9,4,1s2 2s2 2p6 3s2 3p6 4s2 3d7,[Ar] 3d7 4s2,63.898,1.88,f090a0
Nickel,"lustrous, metallic, and silver with a gold tinge",58.69344,3003,transition metal,8.908,Axel Fredrik Cronstedt,1728,26.07,28,4,Solid,https://en.wikipedia.org/wiki/Nickel,N/A,Nickel is a chemical element with symbol Ni and atomic number 28. It is a silvery-white lustrous metal with a slight golden tinge. Nickel belongs to the transition metals and is hard and ductile.,Ni,10,4,1s2 2s2 2p6 3s2 3p6 4s2 3d8,[Ar] 3d8 4s2,111.65,1.91,50d050
Copper,red-orange metallic luster,63.5463,2835,transition metal,8.96,Middle East,1357.77,24.44,29,4,Solid,https://en.wikipedia.org/wiki/Copper,N/A,"Copper is a chemical element with symbol Cu (from Latin:cuprum) and atomic number 29. It is a soft, malleable and ductile metal with very high thermal and electrical conductivity. A freshly exposed surface of pure copper has a reddish-orange color.",Cu,11,4,1s2 2s2 2p6 3s2 3p6 4s1 3d10,[Ar] 3d10 4s1,119.235,1.9,c88033
Zinc,silver-gray,65.382,1180,transition metal,7.14,India,692.68,25.47,30,4,Solid,https://en.wikipedia.org/wiki/Zinc,N/A,"Zinc, in commerce also spelter, is a chemical element with symbol Zn and atomic number 30. It is the first element of group 12 of the periodic table. In some respects zinc is chemically similar to magnesium:its ion is of similar size and its only common oxidation state is +2.",Zn,12,4,1s2 2s2 2p6 3s2 3p6 4s2 3d10,[Ar] 3d10 4s2,-58,1.65,7d80b0
Gallium,silver-white,69.7231,2673,post-transition metal,5.91,Lecoq de Boisbaudran,302.9146,25.86,31,4,Solid,https://en.wikipedia.org/wiki/Gallium,N/A,"Gallium is a chemical element with symbol Ga and atomic number 31. Elemental gallium does not occur in free form in nature, but as the gallium(III) compounds that are in trace amounts in zinc ores and in bauxite. Gallium is a soft, silvery metal, and elemental gallium is a brittle solid at low temperatures, and melts at 29.76 °C (85.57 °F) (slightly above room temperature).",Ga,13,4,1s2 2s2 2p6 3s2 3p6 4s2 3d10 4p1,[Ar] 3d10 4s2 4p1,41,1.81,c28f8f
Germanium,grayish-white,72.6308,3106,metalloid,5.323,Clemens Winkler,1211.4,23.222,32,4,Solid,https://en.wikipedia.org/wiki/Germanium,N/A,"Germanium is a chemical element with symbol Ge and atomic number 32. It is a lustrous, hard, grayish-white metalloid in the carbon group, chemically similar to its group neighbors tin and silicon. Purified germanium is a semiconductor, with an appearance most similar to elemental silicon.",Ge,14,4,1s2 2s2 2p6 3s2 3p6 4s2 3d10 4p2,[Ar] 3d10 4s2 4p2,118.9352,2.01,668f8f
Arsenic,metallic grey,74.9215956,N/A,metalloid,5.727,Bronze Age,N/A,24.64,33,4,Solid,https://en.wikipedia.org/wiki/Arsenic,N/A,"Arsenic is a chemical element with symbol As and atomic number 33. Arsenic occurs in many minerals, usually in conjunction with sulfur and metals, and also as a pure elemental crystal. Arsenic is a metalloid.",As,15,4,1s2 2s2 2p6 3s2 3p6 4s2 3d10 4p3,[Ar] 3d10 4s2 4p3,77.65,2.18,bd80e3
Selenium,"black, red, and gray (not pictured) allotropes",78.9718,958,polyatomic nonmetal,4.81,Jöns Jakob Berzelius,494,25.363,34,4,Solid,https://en.wikipedia.org/wiki/Selenium,N/A,"Selenium is a chemical element with symbol Se and atomic number 34. It is a nonmetal with properties that are intermediate between those of its periodic table column-adjacent chalcogen elements sulfur and tellurium. It rarely occurs in its elemental state in nature, or as pure ore compounds.",Se,16,4,1s2 2s2 2p6 3s2 3p6 4s2 3d10 4p4,[Ar] 3d10 4s2 4p4,194.9587,2.55,ffa100
Bromine,N/A,79.904,332,diatomic nonmetal,3.1028,Antoine Jérôme Balard,265.8,N/A,35,4,Liquid,https://en.wikipedia.org/wiki/Bromine,N/A,"Bromine (from Ancient Greek:βρῶμος, brómos, meaning ""stench"") is a chemical element with symbol Br, and atomic number 35. It is a halogen. The element was isolated independently by two chemists, Carl Jacob Löwig and Antoine Jerome Balard, in 1825–1826.",Br,17,4,1s2 2s2 2p6 3s2 3p6 4s2 3d10 4p5,[Ar] 3d10 4s2 4p5,324.537,2.96,a62929
Krypton,"colorless gas, exhibiting a whitish glow in a high electric field",83.7982,119.93,noble gas,3.749,William Ramsay,115.78,N/A,36,4,Gas,https://en.wikipedia.org/wiki/Krypton,https://en.wikipedia.org/wiki/File:Krypton_Spectrum.jpg,"Krypton (from Greek:κρυπτός kryptos ""the hidden one"") is a chemical element with symbol Kr and atomic number 36. It is a member of group 18 (noble gases) elements. A colorless, odorless, tasteless noble gas, krypton occurs in trace amounts in the atmosphere, is isolated by fractionally distilling liquefied air, and is often used with other rare gases in fluorescent lamps.",Kr,18,4,1s2 2s2 2p6 3s2 3p6 4s2 3d10 4p6,[Ar] 3d10 4s2 4p6,-96,3,5cb8d1
Rubidium,grey white,85.46783,961,alkali metal,1.532,Robert Bunsen,312.45,31.06,37,5,Solid,https://en.wikipedia.org/wiki/Rubidium,N/A,"Rubidium is a chemical element with symbol Rb and atomic number 37. Rubidium is a soft, silvery-white metallic element of the alkali metal group, with an atomic mass of 85.4678. Elemental rubidium is highly reactive, with properties similar to those of other alkali metals, such as very rapid oxidation in air.",Rb,1,5,1s2 2s2 2p6 3s2 3p6 4s2 3d10 4p6 5s1,[Kr] 5s1,46.884,0.82,702eb0
Strontium,N/A,87.621,1650,alkaline earth metal,2.64,William Cruickshank (chemist),1050,26.4,38,5,Solid,https://en.wikipedia.org/wiki/Strontium,N/A,"Strontium is a chemical element with symbol Sr and atomic number 38. An alkaline earth metal, strontium is a soft silver-white or yellowish metallic element that is highly reactive chemically. The metal turns yellow when it is exposed to air.",Sr,2,5,1s2 2s2 2p6 3s2 3p6 4s2 3d10 4p6 5s2,[Kr] 5s2,5.023,0.95,00ff00
Yttrium,silvery white,88.905842,3203,transition metal,4.472,Johan Gadolin,1799,26.53,39,5,Solid,https://en.wikipedia.org/wiki/Yttrium,N/A,"Yttrium is a chemical element with symbol Y and atomic number 39. It is a silvery-metallic transition metal chemically similar to the lanthanides and it has often been classified as a ""rare earth element"". Yttrium is almost always found combined with the lanthanides in rare earth minerals and is never found in nature as a free element.",Y,3,5,1s2 2s2 2p6 3s2 3p6 4s2 3d10 4p6 5s2 4d1,[Kr] 4d1 5s2,29.6,1.22,94ffff
Zirconium,silvery white,91.2242,4650,transition metal,6.52,Martin Heinrich Klaproth,2128,25.36,40,5,Solid,https://en.wikipedia.org/wiki/Zirconium,N/A,"Zirconium is a chemical element with symbol Zr and atomic number 40. The name of zirconium is taken from the name of the mineral zircon, the most important source of zirconium. The word zircon comes from the Persian word zargun زرگون, meaning ""gold-colored"".",Zr,4,5,1s2 2s2 2p6 3s2 3p6 4s2 3d10 4p6 5s2 4d2,[Kr] 4d2 5s2,41.806,1.33,94e0e0
Niobium,"gray metallic, bluish when oxidized",92.906372,5017,transition metal,8.57,Charles Hatchett,2750,24.6,41,5,Solid,https://en.wikipedia.org/wiki/Niobium,N/A,"Niobium, formerly columbium, is a chemical element with symbol Nb (formerly Cb) and atomic number 41. It is a soft, grey, ductile transition metal, which is often found in the pyrochlore mineral, the main commercial source for niobium, and columbite. The name comes from Greek mythology:Niobe, daughter of Tantalus since it is so similar to tantalum.",Nb,5,5,1s2 2s2 2p6 3s2 3p6 4s2 3d10 4p6 5s1 4d4,[Kr] 4d4 5s1,88.516,1.6,73c2c9
Molybdenum,gray metallic,95.951,4912,transition metal,10.28,Carl Wilhelm Scheele,2896,24.06,42,5,Solid,https://en.wikipedia.org/wiki/Molybdenum,N/A,"Molybdenum is a chemical element with symbol Mo and atomic number 42. The name is from Neo-Latin molybdaenum, from Ancient Greek Μόλυβδος molybdos, meaning lead, since its ores were confused with lead ores. Molybdenum minerals have been known throughout history, but the element was discovered (in the sense of differentiating it as a new entity from the mineral salts of other metals) in 1778 by Carl Wilhelm Scheele.",Mo,6,5,1s2 2s2 2p6 3s2 3p6 4s2 3d10 4p6 5s1 4d5,[Kr] 4d5 5s1,72.1,2.16,54b5b5
Technetium,shiny gray metal,98,4538,transition metal,11,Emilio Segrè,2430,24.27,43,5,Solid,https://en.wikipedia.org/wiki/Technetium,N/A,"Technetium (/tɛkˈniːʃiəm/) is a chemical element with symbol Tc and atomic number 43. It is the element with the lowest atomic number in the periodic table that has no stable isotopes:every form of it is radioactive. Nearly all technetium is produced synthetically, and only minute amounts are found in nature.",Tc,7,5,1s2 2s2 2p6 3s2 3p6 4s2 3d10 4p6 5s2 4d5,[Kr] 4d5 5s2,53,1.9,3b9e9e
Ruthenium,silvery white metallic,101.072,4423,transition metal,12.45,Karl Ernst Claus,2607,24.06,44,5,Solid,https://en.wikipedia.org/wiki/Ruthenium,N/A,"Ruthenium is a chemical element with symbol Ru and atomic number 44. It is a rare transition metal belonging to the platinum group of the periodic table. Like the other metals of the platinum group, ruthenium is inert to most other chemicals.",Ru,8,5,1s2 2s2 2p6 3s2 3p6 4s2 3d10 4p6 5s1 4d7,[Kr] 4d7 5s1,100.96,2.2,248f8f
Rhodium,silvery white metallic,102.905502,3968,transition metal,12.41,William Hyde Wollaston,2237,24.98,45,5,Solid,https://en.wikipedia.org/wiki/Rhodium,N/A,"Rhodium is a chemical element with symbol Rh and atomic number 45. It is a rare, silvery-white, hard, and chemically inert transition metal. It is a member of the platinum group.",Rh,9,5,1s2 2s2 2p6 3s2 3p6 4s2 3d10 4p6 5s1 4d8,[Kr] 4d8 5s1,110.27,2.28,0a7d8c
Palladium,silvery white,106.421,3236,transition metal,12.023,William Hyde Wollaston,1828.05,25.98,46,5,Solid,https://en.wikipedia.org/wiki/Palladium,N/A,"Palladium is a chemical element with symbol Pd and atomic number 46. It is a rare and lustrous silvery-white metal discovered in 1803 by William Hyde Wollaston. He named it after the asteroid Pallas, which was itself named after the epithet of the Greek goddess Athena, acquired by her when she slew Pallas.",Pd,10,5,1s2 2s2 2p6 3s2 3p6 4s2 3d10 4p6 4d10,[Kr] 4d10,54.24,2.2,6985
Silver,lustrous white metal,107.86822,2435,transition metal,10.49,"unknown, before 5000 BC",1234.93,25.35,47,5,Solid,https://en.wikipedia.org/wiki/Silver,N/A,"Silver is a chemical element with symbol Ag (Greek:άργυρος árguros, Latin:argentum, both from the Indo-European root *h₂erǵ- for ""grey"" or ""shining"") and atomic number 47. A soft, white, lustrous transition metal, it possesses the highest electrical conductivity, thermal conductivity and reflectivity of any metal. The metal occurs naturally in its pure, free form (native silver), as an alloy with gold and other metals, and in minerals such as argentite and chlorargyrite.",Ag,11,5,1s2 2s2 2p6 3s2 3p6 4s2 3d10 4p6 5s1 4d10,[Kr] 4d10 5s1,125.862,1.93,c0c0c0
Cadmium,silvery bluish-gray metallic,112.4144,1040,transition metal,8.65,Karl Samuel Leberecht Hermann,594.22,26.02,48,5,Solid,https://en.wikipedia.org/wiki/Cadmium,N/A,"Cadmium is a chemical element with symbol Cd and atomic number 48. This soft, bluish-white metal is chemically similar to the two other stable metals in group 12, zinc and mercury. Like zinc, it prefers oxidation state +2 in most of its compounds and like mercury it shows a low melting point compared to transition metals.",Cd,12,5,1s2 2s2 2p6 3s2 3p6 4s2 3d10 4p6 5s2 4d10,[Kr] 4d10 5s2,-68,1.69,ffd98f
Indium,silvery lustrous gray,114.8181,2345,post-transition metal,7.31,Ferdinand Reich,429.7485,26.74,49,5,Solid,https://en.wikipedia.org/wiki/Indium,N/A,"Indium is a chemical element with symbol In and atomic number 49. It is a post-transition metallic element that is rare in Earth's crust. The metal is very soft, malleable and easily fusible, with a melting point higher than sodium, but lower than lithium or tin.",In,13,5,1s2 2s2 2p6 3s2 3p6 4s2 3d10 4p6 5s2 4d10 5p1,[Kr] 4d10 5s2 5p1,37.043,1.78,a67573
Tin,"silvery-white (beta, β) or gray (alpha, α)",118.7107,2875,post-transition metal,7.365,"unknown, before 3500 BC",505.08,27.112,50,5,Solid,https://en.wikipedia.org/wiki/Tin,N/A,"Tin is a chemical element with the symbol Sn (for Latin:stannum) and atomic number 50. It is a main group metal in group 14 of the periodic table. Tin shows a chemical similarity to both neighboring group-14 elements, germanium and lead, and has two possible oxidation states, +2 and the slightly more stable +4.",Sn,14,5,1s2 2s2 2p6 3s2 3p6 4s2 3d10 4p6 5s2 4d10 5p2,[Kr] 4d10 5s2 5p2,107.2984,1.96,668080
Antimony,silvery lustrous gray,121.7601,1908,metalloid,6.697,"unknown, before 3000 BC",903.78,25.23,51,5,Solid,https://en.wikipedia.org/wiki/Antimony,N/A,"Antimony is a chemical element with symbol Sb (from Latin:stibium) and atomic number 51. A lustrous gray metalloid, it is found in nature mainly as the sulfide mineral stibnite (Sb2S3). Antimony compounds have been known since ancient times and were used for cosmetics; metallic antimony was also known, but it was erroneously identified as lead upon its discovery.",Sb,15,5,1s2 2s2 2p6 3s2 3p6 4s2 3d10 4p6 5s2 4d10 5p3,[Kr] 4d10 5s2 5p3,101.059,2.05,9e63b5
Tellurium,N/A,127.603,1261,metalloid,6.24,Franz-Joseph Müller von Reichenstein,722.66,25.73,52,5,Solid,https://en.wikipedia.org/wiki/Tellurium,N/A,"Tellurium is a chemical element with symbol Te and atomic number 52. It is a brittle, mildly toxic, rare, silver-white metalloid. Tellurium is chemically related to selenium and sulfur.",Te,16,5,1s2 2s2 2p6 3s2 3p6 4s2 3d10 4p6 5s2 4d10 5p4,[Kr] 4d10 5s2 5p4,190.161,2.1,d47a00
Iodine,"lustrous metallic gray, violet as a gas",126.904473,457.4,diatomic nonmetal,4.933,Bernard Courtois,386.85,N/A,53,5,Solid,https://en.wikipedia.org/wiki/Iodine,N/A,"Iodine is a chemical element with symbol I and atomic number 53. The name is from Greek ἰοειδής ioeidēs, meaning violet or purple, due to the color of iodine vapor. Iodine and its compounds are primarily used in nutrition, and industrially in the production of acetic acid and certain polymers.",I,17,5,1s2 2s2 2p6 3s2 3p6 4s2 3d10 4p6 5s2 4d10 5p5,[Kr] 4d10 5s2 5p5,295.1531,2.66,940094
Xenon,"colorless gas, exhibiting a blue glow when placed in a high voltage electric field",131.2936,165.051,noble gas,5.894,William Ramsay,161.4,N/A,54,5,Gas,https://en.wikipedia.org/wiki/Xenon,https://en.wikipedia.org/wiki/File:Xenon_Spectrum.jpg,"Xenon is a chemical element with symbol Xe and atomic number 54. It is a colorless, dense, odorless noble gas, that occurs in the Earth's atmosphere in trace amounts. Although generally unreactive, xenon can undergo a few chemical reactions such as the formation of xenon hexafluoroplatinate, the first noble gas compound to be synthesized.",Xe,18,5,1s2 2s2 2p6 3s2 3p6 4s2 3d10 4p6 5s2 4d10 5p6,[Kr] 4d10 5s2 5p6,-77,2.6,429eb0
Cesium,silvery gold,132.905452,944,alkali metal,1.93,Robert Bunsen,301.7,32.21,55,6,Solid,https://en.wikipedia.org/wiki/Cesium,N/A,"Caesium or cesium is a chemical element with symbol Cs and atomic number 55. It is a soft, silvery-gold alkali metal with a melting point of 28 °C (82 °F), which makes it one of only five elemental metals that are liquid at or near room temperature. Caesium is an alkali metal and has physical and chemical properties similar to those of rubidium and potassium.",Cs,1,6,1s2 2s2 2p6 3s2 3p6 4s2 3d10 4p6 5s2 4d10 5p6 6s1,[Xe] 6s1,45.505,0.79,57178f
Barium,N/A,137.3277,2118,alkaline earth metal,3.51,Carl Wilhelm Scheele,1000,28.07,56,6,Solid,https://en.wikipedia.org/wiki/Barium,N/A,"Barium is a chemical element with symbol Ba and atomic number 56. It is the fifth element in Group 2, a soft silvery metallic alkaline earth metal. Because of its high chemical reactivity barium is never found in nature as a free element.",Ba,2,6,1s2 2s2 2p6 3s2 3p6 4s2 3d10 4p6 5s2 4d10 5p6 6s2,[Xe] 6s2,13.954,0.89,00c900
Lanthanum,silvery white,138.905477,3737,lanthanide,6.162,Carl Gustaf Mosander,1193,27.11,57,6,Solid,https://en.wikipedia.org/wiki/Lanthanum,N/A,"Lanthanum is a soft, ductile, silvery-white metallic chemical element with symbol La and atomic number 57. It tarnishes rapidly when exposed to air and is soft enough to be cut with a knife. It gave its name to the lanthanide series, a group of 15 similar elements between lanthanum and lutetium in the periodic table:it is also sometimes considered the first element of the 6th-period transition metals.",La,3,9,1s2 2s2 2p6 3s2 3p6 4s2 3d10 4p6 5s2 4d10 5p6 6s2 5d1,[Xe] 5d16s2,53,1.1,70d4ff
Cerium,silvery white,140.1161,3716,lanthanide,6.77,Martin Heinrich Klaproth,1068,26.94,58,6,Solid,https://en.wikipedia.org/wiki/Cerium,N/A,"Cerium is a chemical element with symbol Ce and atomic number 58. It is a soft, silvery, ductile metal which easily oxidizes in air. Cerium was named after the dwarf planet Ceres (itself named after the Roman goddess of agriculture).",Ce,4,9,1s2 2s2 2p6 3s2 3p6 4s2 3d10 4p6 5s2 4d10 5p6 6s2 5d1 4f1,[Xe] 4f1 5d1 6s2,55,1.12,ffffc7
Praseodymium,grayish white,140.907662,3403,lanthanide,6.77,Carl Auer von Welsbach,1208,27.2,59,6,Solid,https://en.wikipedia.org/wiki/Praseodymium,N/A,"Praseodymium is a chemical element with symbol Pr and atomic number 59. Praseodymium is a soft, silvery, malleable and ductile metal in the lanthanide group. It is valued for its magnetic, electrical, chemical, and optical properties.",Pr,5,9,1s2 2s2 2p6 3s2 3p6 4s2 3d10 4p6 5s2 4d10 5p6 6s2 4f3,[Xe] 4f3 6s2,93,1.13,d9ffc7
Neodymium,silvery white,144.2423,3347,lanthanide,7.01,Carl Auer von Welsbach,1297,27.45,60,6,Solid,https://en.wikipedia.org/wiki/Neodymium,N/A,Neodymium is a chemical element with symbol Nd and atomic number 60. It is a soft silvery metal that tarnishes in air. Neodymium was discovered in 1885 by the Austrian chemist Carl Auer von Welsbach.,Nd,6,9,1s2 2s2 2p6 3s2 3p6 4s2 3d10 4p6 5s2 4d10 5p6 6s2 4f4,[Xe] 4f4 6s2,184.87,1.14,c7ffc7
Promethium,metallic,145,3273,lanthanide,7.26,Chien Shiung Wu,1315,N/A,61,6,Solid,https://en.wikipedia.org/wiki/Promethium,N/A,"Promethium, originally prometheum, is a chemical element with the symbol Pm and atomic number 61. All of its isotopes are radioactive; it is one of only two such elements that are followed in the periodic table by elements with stable forms, a distinction shared with technetium. Chemically, promethium is a lanthanide, which forms salts when combined with other elements.",Pm,7,9,1s2 2s2 2p6 3s2 3p6 4s2 3d10 4p6 5s2 4d10 5p6 6s2 4f5,[Xe] 4f5 6s2,12.45,1.13,a3ffc7
Samarium,silvery white,150.362,2173,lanthanide,7.52,Lecoq de Boisbaudran,1345,29.54,62,6,Solid,https://en.wikipedia.org/wiki/Samarium,N/A,"Samarium is a chemical element with symbol Sm and atomic number 62. It is a moderately hard silvery metal that readily oxidizes in air. Being a typical member of the lanthanide series, samarium usually assumes the oxidation state +3.",Sm,8,9,1s2 2s2 2p6 3s2 3p6 4s2 3d10 4p6 5s2 4d10 5p6 6s2 4f6,[Xe] 4f6 6s2,15.63,1.17,8fffc7
Europium,N/A,151.9641,1802,lanthanide,5.264,Eugène-Anatole Demarçay,1099,27.66,63,6,Solid,https://en.wikipedia.org/wiki/Europium,N/A,"Europium is a chemical element with symbol Eu and atomic number 63. It was isolated in 1901 and is named after the continent of Europe. It is a moderately hard, silvery metal which readily oxidizes in air and water.",Eu,9,9,1s2 2s2 2p6 3s2 3p6 4s2 3d10 4p6 5s2 4d10 5p6 6s2 4f7,[Xe] 4f7 6s2,11.2,1.2,61ffc7
Gadolinium,silvery white,157.253,3273,lanthanide,7.9,Jean Charles Galissard de Marignac,1585,37.03,64,6,Solid,https://en.wikipedia.org/wiki/Gadolinium,N/A,"Gadolinium is a chemical element with symbol Gd and atomic number 64. It is a silvery-white, malleable and ductile rare-earth metal. It is found in nature only in combined (salt) form.",Gd,10,9,1s2 2s2 2p6 3s2 3p6 4s2 3d10 4p6 5s2 4d10 5p6 6s2 4f7 5d1,[Xe] 4f7 5d1 6s2,13.22,1.2,45ffc7
Terbium,silvery white,158.925352,3396,lanthanide,8.23,Carl Gustaf Mosander,1629,28.91,65,6,Solid,https://en.wikipedia.org/wiki/Terbium,N/A,"Terbium is a chemical element with symbol Tb and atomic number 65. It is a silvery-white rare earth metal that is malleable, ductile and soft enough to be cut with a knife. Terbium is never found in nature as a free element, but it is contained in many minerals, including cerite, gadolinite, monazite, xenotime and euxenite.",Tb,11,9,1s2 2s2 2p6 3s2 3p6 4s2 3d10 4p6 5s2 4d10 5p6 6s2 4f9,[Xe] 4f9 6s2,112.4,1.1,30ffc7
Dysprosium,silvery white,162.5001,2840,lanthanide,8.54,Lecoq de Boisbaudran,1680,27.7,66,6,Solid,https://en.wikipedia.org/wiki/Dysprosium,N/A,"Dysprosium is a chemical element with the symbol Dy and atomic number 66. It is a rare earth element with a metallic silver luster. Dysprosium is never found in nature as a free element, though it is found in various minerals, such as xenotime.",Dy,12,9,1s2 2s2 2p6 3s2 3p6 4s2 3d10 4p6 5s2 4d10 5p6 6s2 4f10,[Xe] 4f10 6s2,33.96,1.22,1fffc7
Holmium,silvery white,164.930332,2873,lanthanide,8.79,Marc Delafontaine,1734,27.15,67,6,Solid,https://en.wikipedia.org/wiki/Holmium,N/A,"Holmium is a chemical element with symbol Ho and atomic number 67. Part of the lanthanide series, holmium is a rare earth element. Holmium was discovered by Swedish chemist Per Theodor Cleve.",Ho,13,9,1s2 2s2 2p6 3s2 3p6 4s2 3d10 4p6 5s2 4d10 5p6 6s2 4f11,[Xe] 4f11 6s2,32.61,1.23,00ff9c
Erbium,silvery white,167.2593,3141,lanthanide,9.066,Carl Gustaf Mosander,1802,28.12,68,6,Solid,https://en.wikipedia.org/wiki/Erbium,N/A,"Erbium is a chemical element in the lanthanide series, with symbol Er and atomic number 68. A silvery-white solid metal when artificially isolated, natural erbium is always found in chemical combination with other elements on Earth. As such, it is a rare earth element which is associated with several other rare elements in the mineral gadolinite from Ytterby in Sweden, where yttrium, ytterbium, and terbium were discovered.",Er,14,9,1s2 2s2 2p6 3s2 3p6 4s2 3d10 4p6 5s2 4d10 5p6 6s2 4f12,[Xe] 4f12 6s2,30.1,1.24,00e675
Thulium,silvery gray,168.934222,2223,lanthanide,9.32,Per Teodor Cleve,1818,27.03,69,6,Solid,https://en.wikipedia.org/wiki/Thulium,N/A,"Thulium is a chemical element with symbol Tm and atomic number 69. It is the thirteenth and antepenultimate (third-last) element in the lanthanide series. Like the other lanthanides, the most common oxidation state is +3, seen in its oxide, halides and other compounds.",Tm,15,9,1s2 2s2 2p6 3s2 3p6 4s2 3d10 4p6 5s2 4d10 5p6 6s2 4f13,[Xe] 4f13 6s2,99,1.25,00d452
Ytterbium,N/A,173.0451,1469,lanthanide,6.9,Jean Charles Galissard de Marignac,1097,26.74,70,6,Solid,https://en.wikipedia.org/wiki/Ytterbium,N/A,"Ytterbium is a chemical element with symbol Yb and atomic number 70. It is the fourteenth and penultimate element in the lanthanide series, which is the basis of the relative stability of its +2 oxidation state. However, like the other lanthanides, its most common oxidation state is +3, seen in its oxide, halides and other compounds.",Yb,16,9,1s2 2s2 2p6 3s2 3p6 4s2 3d10 4p6 5s2 4d10 5p6 6s2 4f14,[Xe] 4f14 6s2,-1.93,1.1,00bf38
Lutetium,silvery white,174.96681,3675,lanthanide,9.841,Georges Urbain,1925,26.86,71,6,Solid,https://en.wikipedia.org/wiki/Lutetium,N/A,"Lutetium is a chemical element with symbol Lu and atomic number 71. It is a silvery white metal, which resists corrosion in dry, but not in moist air. It is considered the first element of the 6th-period transition metals and the last element in the lanthanide series, and is traditionally counted among the rare earths.",Lu,17,9,1s2 2s2 2p6 3s2 3p6 4s2 3d10 4p6 5s2 4d10 5p6 6s2 4f14 5d1,[Xe] 4f14 5d1 6s2,33.4,1.27,00ab24
Hafnium,steel gray,178.492,4876,transition metal,13.31,Dirk Coster,2506,25.73,72,6,Solid,https://en.wikipedia.org/wiki/Hafnium,https://en.wikipedia.org/wiki/File:Hafnium_spectrum_visible.png,"Hafnium is a chemical element with symbol Hf and atomic number 72. A lustrous, silvery gray, tetravalent transition metal, hafnium chemically resembles zirconium and is found in zirconium minerals. Its existence was predicted by Dmitri Mendeleev in 1869, though it was not identified until 1923, making it the penultimate stable element to be discovered (rhenium was identified two years later).",Hf,4,6,1s2 2s2 2p6 3s2 3p6 4s2 3d10 4p6 5s2 4d10 5p6 6s2 4f14 5d2,[Xe] 4f14 5d2 6s2,17.18,1.3,4dc2ff
Tantalum,gray blue,180.947882,5731,transition metal,16.69,Anders Gustaf Ekeberg,3290,25.36,73,6,Solid,https://en.wikipedia.org/wiki/Tantalum,https://en.wikipedia.org/wiki/File:Tantalum_spectrum_visible.png,"Tantalum is a chemical element with symbol Ta and atomic number 73. Previously known as tantalium, its name comes from Tantalus, an antihero from Greek mythology. Tantalum is a rare, hard, blue-gray, lustrous transition metal that is highly corrosion-resistant.",Ta,5,6,1s2 2s2 2p6 3s2 3p6 4s2 3d10 4p6 5s2 4d10 5p6 6s2 4f14 5d3,[Xe] 4f14 5d3 6s2,31,1.5,4da6ff
Tungsten,"grayish white, lustrous",183.841,6203,transition metal,19.25,Carl Wilhelm Scheele,3695,24.27,74,6,Solid,https://en.wikipedia.org/wiki/Tungsten,N/A,"Tungsten, also known as wolfram, is a chemical element with symbol W and atomic number 74. The word tungsten comes from the Swedish language tung sten, which directly translates to heavy stone. Its name in Swedish is volfram, however, in order to distinguish it from scheelite, which in Swedish is alternatively named tungsten.",W,6,6,1s2 2s2 2p6 3s2 3p6 4s2 3d10 4p6 5s2 4d10 5p6 6s2 4f14 5d4,[Xe] 4f14 5d4 6s2,78.76,2.36,2194d6
Rhenium,silvery-grayish,186.2071,5869,transition metal,21.02,Masataka Ogawa,3459,25.48,75,6,Solid,https://en.wikipedia.org/wiki/Rhenium,N/A,"Rhenium is a chemical element with symbol Re and atomic number 75. It is a silvery-white, heavy, third-row transition metal in group 7 of the periodic table. With an estimated average concentration of 1 part per billion (ppb), rhenium is one of the rarest elements in the Earth's crust.",Re,7,6,1s2 2s2 2p6 3s2 3p6 4s2 3d10 4p6 5s2 4d10 5p6 6s2 4f14 5d5,[Xe] 4f14 5d5 6s2,5.8273,1.9,267dab
Osmium,"silvery, blue cast",190.233,5285,transition metal,22.59,Smithson Tennant,3306,24.7,76,6,Solid,https://en.wikipedia.org/wiki/Osmium,N/A,"Osmium (from Greek osme (ὀσμή) meaning ""smell"") is a chemical element with symbol Os and atomic number 76. It is a hard, brittle, bluish-white transition metal in the platinum group that is found as a trace element in alloys, mostly in platinum ores. Osmium is the densest naturally occurring element, with a density of 22.59 g/cm3.",Os,8,6,1s2 2s2 2p6 3s2 3p6 4s2 3d10 4p6 5s2 4d10 5p6 6s2 4f14 5d6,[Xe] 4f14 5d6 6s2,103.99,2.2,266696
Iridium,silvery white,192.2173,4403,transition metal,22.56,Smithson Tennant,2719,25.1,77,6,Solid,https://en.wikipedia.org/wiki/Iridium,N/A,"Iridium is a chemical element with symbol Ir and atomic number 77. A very hard, brittle, silvery-white transition metal of the platinum group, iridium is generally credited with being the second densest element (after osmium) based on measured density, although calculations involving the space lattices of the elements show that iridium is denser. It is also the most corrosion-resistant metal, even at temperatures as high as 2000 °C. Although only certain molten salts and halogens are corrosive to solid iridium, finely divided iridium dust is much more reactive and can be flammable.",Ir,9,6,1s2 2s2 2p6 3s2 3p6 4s2 3d10 4p6 5s2 4d10 5p6 6s2 4f14 5d7,[Xe] 4f14 5d7 6s2,150.94,2.2,175487
Platinum,silvery white,195.0849,4098,transition metal,21.45,Antonio de Ulloa,2041.4,25.86,78,6,Solid,https://en.wikipedia.org/wiki/Platinum,N/A,"Platinum is a chemical element with symbol Pt and atomic number 78. It is a dense, malleable, ductile, highly unreactive, precious, gray-white transition metal. Its name is derived from the Spanish term platina, which is literally translated into ""little silver"".",Pt,10,6,1s2 2s2 2p6 3s2 3p6 4s2 3d10 4p6 5s2 4d10 5p6 6s1 4f14 5d9,[Xe] 4f14 5d9 6s1,205.041,2.28,d0d0e0
Gold,metallic yellow,196.9665695,3243,transition metal,19.3,Middle East,1337.33,25.418,79,6,Solid,https://en.wikipedia.org/wiki/Gold,N/A,"Gold is a chemical element with symbol Au (from Latin:aurum) and atomic number 79. In its purest form, it is a bright, slightly reddish yellow, dense, soft, malleable and ductile metal. Chemically, gold is a transition metal and a group 11 element.",Au,11,6,1s2 2s2 2p6 3s2 3p6 4s2 3d10 4p6 5s2 4d10 5p6 6s1 4f14 5d10,[Xe] 4f14 5d10 6s1,222.747,2.54,ffd123
Mercury,silvery,200.5923,629.88,transition metal,13.534,"unknown, before 2000 BCE",234.321,27.983,80,6,Liquid,https://en.wikipedia.org/wiki/Mercury (Element),N/A,"Mercury is a chemical element with symbol Hg and atomic number 80. It is commonly known as quicksilver and was formerly named hydrargyrum (/haɪˈdrɑːrdʒərəm/). A heavy, silvery d-block element, mercury is the only metallic element that is liquid at standard conditions for temperature and pressure; the only other element that is liquid under these conditions is bromine, though metals such as caesium, gallium, and rubidium melt just above room temperature.",Hg,12,6,1s2 2s2 2p6 3s2 3p6 4s2 3d10 4p6 5s2 4d10 5p6 6s2 4f14 5d10,[Xe] 4f14 5d10 6s2,-48,2,b8b8d0
Thallium,silvery white,204.38,1746,post-transition metal,11.85,William Crookes,577,26.32,81,6,Solid,https://en.wikipedia.org/wiki/Thallium,N/A,"Thallium is a chemical element with symbol Tl and atomic number 81. This soft gray post-transition metal is not found free in nature. When isolated, it resembles tin, but discolors when exposed to air.",Tl,13,6,1s2 2s2 2p6 3s2 3p6 4s2 3d10 4p6 5s2 4d10 5p6 6s2 4f14 5d10 6p1,[Xe] 4f14 5d10 6s2 6p1,36.4,1.62,a6544d
Lead,metallic gray,207.21,2022,post-transition metal,11.34,Middle East,600.61,26.65,82,6,Solid,https://en.wikipedia.org/wiki/Lead_(element),N/A,"Lead (/lɛd/) is a chemical element in the carbon group with symbol Pb (from Latin:plumbum) and atomic number 82. Lead is a soft, malleable and heavy post-transition metal. Metallic lead has a bluish-white color after being freshly cut, but it soon tarnishes to a dull grayish color when exposed to air.",Pb,14,6,1s2 2s2 2p6 3s2 3p6 4s2 3d10 4p6 5s2 4d10 5p6 6s2 4f14 5d10 6p2,[Xe] 4f14 5d10 6s2 6p2,34.4204,1.87,575961
Bismuth,lustrous silver,208.980401,1837,post-transition metal,9.78,Claude François Geoffroy,544.7,25.52,83,6,Solid,https://en.wikipedia.org/wiki/Bismuth,N/A,"Bismuth is a chemical element with symbol Bi and atomic number 83. Bismuth, a pentavalent post-transition metal, chemically resembles arsenic and antimony. Elemental bismuth may occur naturally, although its sulfide and oxide form important commercial ores.",Bi,15,6,1s2 2s2 2p6 3s2 3p6 4s2 3d10 4p6 5s2 4d10 5p6 6s2 4f14 5d10 6p3,[Xe] 4f14 5d10 6s2 6p3,90.924,2.02,9e4fb5
Polonium,silvery,209,1235,post-transition metal,9.196,Pierre Curie,527,26.4,84,6,Solid,https://en.wikipedia.org/wiki/Polonium,N/A,"Polonium is a chemical element with symbol Po and atomic number 84, discovered in 1898 by Marie Curie and Pierre Curie. A rare and highly radioactive element with no stable isotopes, polonium is chemically similar to bismuth and tellurium, and it occurs in uranium ores. Applications of polonium are few.",Po,16,6,1s2 2s2 2p6 3s2 3p6 4s2 3d10 4p6 5s2 4d10 5p6 6s2 4f14 5d10 6p4,[Xe] 4f14 5d10 6s2 6p4,136,2,ab5c00
Astatine,"unknown, probably metallic",210,610,metalloid,6.35,Dale R. Corson,575,N/A,85,6,Solid,https://en.wikipedia.org/wiki/Astatine,N/A,"Astatine is a very rare radioactive chemical element with the chemical symbol At and atomic number 85. It occurs on Earth as the decay product of various heavier elements. All its isotopes are short-lived; the most stable is astatine-210, with a half-life of 8.1 hours.",At,17,6,1s2 2s2 2p6 3s2 3p6 4s2 3d10 4p6 5s2 4d10 5p6 6s2 4f14 5d10 6p5,[Xe] 4f14 5d10 6s2 6p5,233,2.2,754f45
Radon,"colorless gas, occasionally glows green or red in discharge tubes",222,211.5,noble gas,9.73,Friedrich Ernst Dorn,202,N/A,86,6,Gas,https://en.wikipedia.org/wiki/Radon,https://en.wikipedia.org/wiki/File:Radon_spectrum.png,"Radon is a chemical element with symbol Rn and atomic number 86. It is a radioactive, colorless, odorless, tasteless noble gas, occurring naturally as a decay product of radium. Its most stable isotope, 222Rn, has a half-life of 3.8 days.",Rn,18,6,1s2 2s2 2p6 3s2 3p6 4s2 3d10 4p6 5s2 4d10 5p6 6s2 4f14 5d10 6p6,[Xe] 4f14 5d10 6s2 6p6,-68,2.2,428296
Francium,N/A,223,950,alkali metal,1.87,Marguerite Perey,300,N/A,87,7,Solid,https://en.wikipedia.org/wiki/Francium,N/A,"Francium is a chemical element with symbol Fr and atomic number 87. It used to be known as eka-caesium and actinium K. It is the second-least electronegative element, behind only caesium. Francium is a highly radioactive metal that decays into astatine, radium, and radon.",Fr,1,7,1s2 2s2 2p6 3s2 3p6 4s2 3d10 4p6 5s2 4d10 5p6 6s2 4f14 5d10 6p6 7s1,[Rn] 7s1,46.89,0.79,420066
Radium,silvery white metallic,226,2010,alkaline earth metal,5.5,Pierre Curie,1233,N/A,88,7,Solid,https://en.wikipedia.org/wiki/Radium,N/A,"Radium is a chemical element with symbol Ra and atomic number 88. It is the sixth element in group 2 of the periodic table, also known as the alkaline earth metals. Pure radium is almost colorless, but it readily combines with nitrogen (rather than oxygen) on exposure to air, forming a black surface layer of radium nitride (Ra3N2).",Ra,2,7,1s2 2s2 2p6 3s2 3p6 4s2 3d10 4p6 5s2 4d10 5p6 6s2 4f14 5d10 6p6 7s2,[Rn] 7s2,9.6485,0.9,007d00
Actinium,N/A,227,3500,actinide,10,Friedrich Oskar Giesel,1500,27.2,89,7,Solid,https://en.wikipedia.org/wiki/Actinium,N/A,"Actinium is a radioactive chemical element with symbol Ac (not to be confused with the abbreviation for an acetyl group) and atomic number 89, which was discovered in 1899. It was the first non-primordial radioactive element to be isolated. Polonium, radium and radon were observed before actinium, but they were not isolated until 1902.",Ac,3,10,1s2 2s2 2p6 3s2 3p6 4s2 3d10 4p6 5s2 4d10 5p6 6s2 4f14 5d10 6p6 7s2 6d1,[Rn] 6d1 7s2,33.77,1.1,70abfa
Thorium,"silvery, often with black tarnish",232.03774,5061,actinide,11.724,Jöns Jakob Berzelius,2023,26.23,90,7,Solid,https://en.wikipedia.org/wiki/Thorium,N/A,"Thorium is a chemical element with symbol Th and atomic number 90. A radioactive actinide metal, thorium is one of only two significantly radioactive elements that still occur naturally in large quantities as a primordial element (the other being uranium). It was discovered in 1828 by the Norwegian Reverend and amateur mineralogist Morten Thrane Esmark and identified by the Swedish chemist Jöns Jakob Berzelius, who named it after Thor, the Norse god of thunder.",Th,4,10,1s2 2s2 2p6 3s2 3p6 4s2 3d10 4p6 5s2 4d10 5p6 6s2 4f14 5d10 6p6 7s2 6d2,[Rn] 6d2 7s2,112.72,1.3,00baff
Protactinium,"bright, silvery metallic luster",231.035882,4300,actinide,15.37,William Crookes,1841,N/A,91,7,Solid,https://en.wikipedia.org/wiki/Protactinium,N/A,"Protactinium is a chemical element with symbol Pa and atomic number 91. It is a dense, silvery-gray metal which readily reacts with oxygen, water vapor and inorganic acids. It forms various chemical compounds where protactinium is usually present in the oxidation state +5, but can also assume +4 and even +2 or +3 states.",Pa,5,10,1s2 2s2 2p6 3s2 3p6 4s2 3d10 4p6 5s2 4d10 5p6 6s2 4f14 5d10 6p6 7s2 5f2 6d1,[Rn] 5f2 6d1 7s2,53.03,1.5,00a1ff
Uranium,N/A,238.028913,4404,actinide,19.1,Martin Heinrich Klaproth,1405.3,27.665,92,7,Solid,https://en.wikipedia.org/wiki/Uranium,N/A,"Uranium is a chemical element with symbol U and atomic number 92. It is a silvery-white metal in the actinide series of the periodic table. A uranium atom has 92 protons and 92 electrons, of which 6 are valence electrons.",U,6,10,1s2 2s2 2p6 3s2 3p6 4s2 3d10 4p6 5s2 4d10 5p6 6s2 4f14 5d10 6p6 7s2 5f3 6d1,[Rn] 5f3 6d1 7s2,50.94,1.38,008fff
Neptunium,silvery metallic,237,4447,actinide,20.45,Edwin McMillan,912,29.46,93,7,Solid,https://en.wikipedia.org/wiki/Neptunium,N/A,"Neptunium is a chemical element with symbol Np and atomic number 93. A radioactive actinide metal, neptunium is the first transuranic element. Its position in the periodic table just after uranium, named after the planet Uranus, led to it being named after Neptune, the next planet beyond Uranus.",Np,7,10,1s2 2s2 2p6 3s2 3p6 4s2 3d10 4p6 5s2 4d10 5p6 6s2 4f14 5d10 6p6 7s2 5f4 6d1,[Rn] 5f4 6d1 7s2,45.85,1.36,0080ff
Plutonium,"silvery white, tarnishing to dark gray in air",244,3505,actinide,19.816,Glenn T. Seaborg,912.5,35.5,94,7,Solid,https://en.wikipedia.org/wiki/Plutonium,N/A,"Plutonium is a transuranic radioactive chemical element with symbol Pu and atomic number 94. It is an actinide metal of silvery-gray appearance that tarnishes when exposed to air, and forms a dull coating when oxidized. The element normally exhibits six allotropes and four oxidation states.",Pu,8,10,1s2 2s2 2p6 3s2 3p6 4s2 3d10 4p6 5s2 4d10 5p6 6s2 4f14 5d10 6p6 7s2 5f6,[Rn] 5f6 7s2,-48.33,1.28,006bff
Americium,silvery white,243,2880,actinide,12,Glenn T. Seaborg,1449,62.7,95,7,Solid,https://en.wikipedia.org/wiki/Americium,https://en.wikipedia.org/wiki/File:Americium_spectrum_visible.png,"Americium is a radioactive transuranic chemical element with symbol Am and atomic number 95. This member of the actinide series is located in the periodic table under the lanthanide element europium, and thus by analogy was named after the Americas. Americium was first produced in 1944 by the group of Glenn T.Seaborg from Berkeley, California, at the metallurgical laboratory of University of Chicago.",Am,9,10,1s2 2s2 2p6 3s2 3p6 4s2 3d10 4p6 5s2 4d10 5p6 6s2 4f14 5d10 6p6 7s2 5f7,[Rn] 5f7 7s2,9.93,1.13,545cf2
Curium,"silvery metallic, glows purple in the dark",247,3383,actinide,13.51,Glenn T. Seaborg,1613,N/A,96,7,Solid,https://en.wikipedia.org/wiki/Curium,N/A,"Curium is a transuranic radioactive chemical element with symbol Cm and atomic number 96. This element of the actinide series was named after Marie and Pierre Curie – both were known for their research on radioactivity. Curium was first intentionally produced and identified in July 1944 by the group of Glenn T. Seaborg at the University of California, Berkeley.",Cm,10,10,1s2 2s2 2p6 3s2 3p6 4s2 3d10 4p6 5s2 4d10 5p6 6s2 4f14 5d10 6p6 7s2 5f7 6d1,[Rn] 5f7 6d1 7s2,27.17,1.28,785ce3
Berkelium,silvery,247,2900,actinide,14.78,Lawrence Berkeley National Laboratory,1259,N/A,97,7,Solid,https://en.wikipedia.org/wiki/Berkelium,N/A,"Berkelium is a transuranic radioactive chemical element with symbol Bk and atomic number 97. It is a member of the actinide and transuranium element series. It is named after the city of Berkeley, California, the location of the University of California Radiation Laboratory where it was discovered in December 1949.",Bk,11,10,1s2 2s2 2p6 3s2 3p6 4s2 3d10 4p6 5s2 4d10 5p6 6s2 4f14 5d10 6p6 7s2 5f9,[Rn] 5f9 7s2,-165.24,1.3,8a4fe3
Californium,silvery,251,1743,actinide,15.1,Lawrence Berkeley National Laboratory,1173,N/A,98,7,Solid,https://en.wikipedia.org/wiki/Californium,N/A,"Californium is a radioactive metallic chemical element with symbol Cf and atomic number 98. The element was first made in 1950 at the University of California Radiation Laboratory in Berkeley, by bombarding curium with alpha particles (helium-4 ions). It is an actinide element, the sixth transuranium element to be synthesized, and has the second-highest atomic mass of all the elements that have been produced in amounts large enough to see with the unaided eye (after einsteinium).",Cf,12,10,1s2 2s2 2p6 3s2 3p6 4s2 3d10 4p6 5s2 4d10 5p6 6s2 4f14 5d10 6p6 7s2 5f10,[Rn] 5f10 7s2,-97.31,1.3,a136d4
Einsteinium,silver-colored,252,1269,actinide,8.84,Lawrence Berkeley National Laboratory,1133,N/A,99,7,Solid,https://en.wikipedia.org/wiki/Einsteinium,N/A,"Einsteinium is a synthetic element with symbol Es and atomic number 99. It is the seventh transuranic element, and an actinide. Einsteinium was discovered as a component of the debris of the first hydrogen bomb explosion in 1952, and named after Albert Einstein.",Es,13,10,1s2 2s2 2p6 3s2 3p6 4s2 3d10 4p6 5s2 4d10 5p6 6s2 4f14 5d10 6p6 7s2 5f11,[Rn] 5f11 7s2,-28.6,1.3,b31fd4
Fermium,N/A,257,N/A,actinide,N/A,Lawrence Berkeley National Laboratory,1800,N/A,100,7,Solid,https://en.wikipedia.org/wiki/Fermium,N/A,"Fermium is a synthetic element with symbol Fm and atomic number 100. It is a member of the actinide series. It is the heaviest element that can be formed by neutron bombardment of lighter elements, and hence the last element that can be prepared in macroscopic quantities, although pure fermium metal has not yet been prepared.",Fm,14,10,1s2 2s2 2p6 3s2 3p6 4s2 3d10 4p6 5s2 4d10 5p6 6s2 4f14 5d10 6p6 7s2 5f12,[Rn] 5f12 7s2,33.96,1.3,b31fba
Mendelevium,N/A,258,N/A,actinide,N/A,Lawrence Berkeley National Laboratory,1100,N/A,101,7,Solid,https://en.wikipedia.org/wiki/Mendelevium,N/A,"Mendelevium is a synthetic element with chemical symbol Md (formerly Mv) and atomic number 101. A metallic radioactive transuranic element in the actinide series, it is the first element that currently cannot be produced in macroscopic quantities through neutron bombardment of lighter elements. It is the antepenultimate actinide and the ninth transuranic element.",Md,15,10,1s2 2s2 2p6 3s2 3p6 4s2 3d10 4p6 5s2 4d10 5p6 6s2 4f14 5d10 6p6 7s2 5f13,[Rn] 5f13 7s2,93.91,1.3,b30da6
Nobelium,N/A,259,N/A,actinide,N/A,Joint Institute for Nuclear Research,1100,N/A,102,7,Solid,https://en.wikipedia.org/wiki/Nobelium,N/A,"Nobelium is a synthetic chemical element with symbol No and atomic number 102. It is named in honor of Alfred Nobel, the inventor of dynamite and benefactor of science. A radioactive metal, it is the tenth transuranic element and is the penultimate member of the actinide series.",No,16,10,1s2 2s2 2p6 3s2 3p6 4s2 3d10 4p6 5s2 4d10 5p6 6s2 4f14 5d10 6p6 7s2 5f14,[Rn] 5f14 7s2,-223.22,1.3,bd0d87
Lawrencium,N/A,266,N/A,actinide,N/A,Lawrence Berkeley National Laboratory,1900,N/A,103,7,Solid,https://en.wikipedia.org/wiki/Lawrencium,N/A,"Lawrencium is a synthetic chemical element with chemical symbol Lr (formerly Lw) and atomic number 103. It is named in honor of Ernest Lawrence, inventor of the cyclotron, a device that was used to discover many artificial radioactive elements. A radioactive metal, lawrencium is the eleventh transuranic element and is also the final member of the actinide series.",Lr,17,10,1s2 2s2 2p6 3s2 3p6 4s2 3d10 4p6 5s2 4d10 5p6 6s2 4f14 5d10 6p6 7s2 5f14 7p1,[Rn] 5f14 7s2 7p1,-30.04,1.3,c70066
Rutherfordium,N/A,267,5800,transition metal,23.2,Joint Institute for Nuclear Research,2400,N/A,104,7,Solid,https://en.wikipedia.org/wiki/Rutherfordium,N/A,"Rutherfordium is a chemical element with symbol Rf and atomic number 104, named in honor of physicist Ernest Rutherford. It is a synthetic element (an element that can be created in a laboratory but is not found in nature) and radioactive; the most stable known isotope, 267Rf, has a half-life of approximately 1.3 hours. In the periodic table of the elements, it is a d - block element and the second of the fourth - row transition elements.",Rf,4,7,1s2 2s2 2p6 3s2 3p6 4s2 3d10 4p6 5s2 4d10 5p6 6s2 4f14 5d10 6p6 7s2 5f14 6d2,[Rn] 5f14 6d2 7s2,N/A,N/A,cc0059
Dubnium,N/A,268,N/A,transition metal,29.3,Joint Institute for Nuclear Research,N/A,N/A,105,7,Solid,https://en.wikipedia.org/wiki/Dubnium,N/A,"Dubnium is a chemical element with symbol Db and atomic number 105. It is named after the town of Dubna in Russia (north of Moscow), where it was first produced. It is a synthetic element (an element that can be created in a laboratory but is not found in nature) and radioactive; the most stable known isotope, dubnium-268, has a half-life of approximately 28 hours.",Db,5,7,1s2 2s2 2p6 3s2 3p6 4s2 3d10 4p6 5s2 4d10 5p6 6s2 4f14 5d10 6p6 7s2 5f14 6d3,*[Rn] 5f14 6d3 7s2,N/A,N/A,d1004f
Seaborgium,N/A,269,N/A,transition metal,35,Lawrence Berkeley National Laboratory,N/A,N/A,106,7,Solid,https://en.wikipedia.org/wiki/Seaborgium,N/A,Seaborgium is a synthetic element with symbol Sg and atomic number 106. Its most stable isotope 271Sg has a half-life of 1.9 minutes. A more recently discovered isotope 269Sg has a potentially slightly longer half-life (ca.,Sg,6,7,1s2 2s2 2p6 3s2 3p6 4s2 3d10 4p6 5s2 4d10 5p6 6s2 4f14 5d10 6p6 7s2 5f14 6d4,*[Rn] 5f14 6d4 7s2,N/A,N/A,d90045
Bohrium,N/A,270,N/A,transition metal,37.1,Gesellschaft für Schwerionenforschung,N/A,N/A,107,7,Solid,https://en.wikipedia.org/wiki/Bohrium,N/A,"Bohrium is a chemical element with symbol Bh and atomic number 107. It is named after Danish physicist Niels Bohr. It is a synthetic element (an element that can be created in a laboratory but is not found in nature) and radioactive; the most stable known isotope, 270Bh, has a half-life of approximately 61 seconds.",Bh,7,7,1s2 2s2 2p6 3s2 3p6 4s2 3d10 4p6 5s2 4d10 5p6 6s2 4f14 5d10 6p6 7s2 5f14 6d5,*[Rn] 5f14 6d5 7s2,N/A,N/A,e00038
Hassium,N/A,269,N/A,transition metal,40.7,Gesellschaft für Schwerionenforschung,126,N/A,108,7,Solid,https://en.wikipedia.org/wiki/Hassium,N/A,"Hassium is a chemical element with symbol Hs and atomic number 108, named after the German state of Hesse. It is a synthetic element (an element that can be created in a laboratory but is not found in nature) and radioactive; the most stable known isotope, 269Hs, has a half-life of approximately 9.7 seconds, although an unconfirmed metastable state, 277mHs, may have a longer half-life of about 130 seconds. More than 100 atoms of hassium have been synthesized to date.",Hs,8,7,1s2 2s2 2p6 3s2 3p6 4s2 3d10 4p6 5s2 4d10 5p6 6s2 4f14 5d10 6p6 7s2 5f14 6d6,*[Rn] 5f14 6d6 7s2,N/A,N/A,e6002e
Meitnerium,N/A,278,N/A,"unknown, probably transition metal",37.4,Gesellschaft für Schwerionenforschung,N/A,N/A,109,7,Solid,https://en.wikipedia.org/wiki/Meitnerium,N/A,"Meitnerium is a chemical element with symbol Mt and atomic number 109. It is an extremely radioactive synthetic element (an element not found in nature that can be created in a laboratory). The most stable known isotope, meitnerium-278, has a half-life of 7.6 seconds.",Mt,9,7,1s2 2s2 2p6 3s2 3p6 4s2 3d10 4p6 5s2 4d10 5p6 6s2 4f14 5d10 6p6 7s2 5f14 6d7,*[Rn] 5f14 6d7 7s2,N/A,N/A,eb0026
Darmstadtium,N/A,281,N/A,"unknown, probably transition metal",34.8,Gesellschaft für Schwerionenforschung,N/A,N/A,110,7,Solid,https://en.wikipedia.org/wiki/Darmstadtium,N/A,"Darmstadtium is a chemical element with symbol Ds and atomic number 110. It is an extremely radioactive synthetic element. The most stable known isotope, darmstadtium-281, has a half-life of approximately 10 seconds.",Ds,10,7,1s2 2s2 2p6 3s2 3p6 4s2 3d10 4p6 5s2 4d10 5p6 6s2 4f14 5d10 6p6 7s2 5f14 6d8,*[Rn] 5f14 6d9 7s1,N/A,N/A,N/A
Roentgenium,N/A,282,N/A,"unknown, probably transition metal",28.7,Gesellschaft für Schwerionenforschung,N/A,N/A,111,7,Solid,https://en.wikipedia.org/wiki/Roentgenium,N/A,"Roentgenium is a chemical element with symbol Rg and atomic number 111. It is an extremely radioactive synthetic element (an element that can be created in a laboratory but is not found in nature); the most stable known isotope, roentgenium-282, has a half-life of 2.1 minutes. Roentgenium was first created in 1994 by the GSI Helmholtz Centre for Heavy Ion Research near Darmstadt, Germany.",Rg,11,7,1s2 2s2 2p6 3s2 3p6 4s2 3d10 4p6 5s2 4d10 5p6 6s2 4f14 5d10 6p6 7s2 5f14 6d9,*[Rn] 5f14 6d10 7s1,151,N/A,N/A
Copernicium,N/A,285,3570,transition metal,23.7,Gesellschaft für Schwerionenforschung,N/A,N/A,112,7,Gas,https://en.wikipedia.org/wiki/Copernicium,N/A,"Copernicium is a chemical element with symbol Cn and atomic number 112. It is an extremely radioactive synthetic element that can only be created in a laboratory. The most stable known isotope, copernicium-285, has a half-life of approximately 29 seconds, but it is possible that this copernicium isotope may have a nuclear isomer with a longer half-life, 8.9 min.",Cn,12,7,1s2 2s2 2p6 3s2 3p6 4s2 3d10 4p6 5s2 4d10 5p6 6s2 4f14 5d10 6p6 7s2 5f14 6d10,*[Rn] 5f14 6d10 7s2,N/A,N/A,N/A
Nihonium,N/A,286,1430,"unknown, probably transition metal",16,RIKEN,700,N/A,113,7,Solid,https://en.wikipedia.org/wiki/Ununtrium,N/A,"Nihonium is a chemical element with atomic number 113. It has a symbol Nh. It is a synthetic element (an element that can be created in a laboratory but is not found in nature) and is extremely radioactive; its most stable known isotope, nihonium-286, has a half-life of 20 seconds.",Nh,13,7,1s2 2s2 2p6 3s2 3p6 4s2 3d10 4p6 5s2 4d10 5p6 6s2 4f14 5d10 6p6 7s2 5f14 6d10 7p1,*[Rn] 5f14 6d10 7s2 7p1,66.6,N/A,N/A
Flerovium,N/A,289,420,post-transition metal,14,Joint Institute for Nuclear Research,340,N/A,114,7,Solid,https://en.wikipedia.org/wiki/Flerovium,N/A,"Flerovium is a superheavy artificial chemical element with symbol Fl and atomic number 114. It is an extremely radioactive synthetic element. The element is named after the Flerov Laboratory of Nuclear Reactions of the Joint Institute for Nuclear Research in Dubna, Russia, where the element was discovered in 1998.",Fl,14,7,1s2 2s2 2p6 3s2 3p6 4s2 3d10 4p6 5s2 4d10 5p6 6s2 4f14 5d10 6p6 7s2 5f14 6d10 7p2,*[Rn] 5f14 6d10 7s2 7p2,N/A,N/A,N/A
Moscovium,N/A,289,1400,"unknown, probably post-transition metal",13.5,Joint Institute for Nuclear Research,670,N/A,115,7,Solid,https://en.wikipedia.org/wiki/Ununpentium,N/A,"Moscovium is the name of a synthetic superheavy element in the periodic table that has the symbol Mc and has the atomic number 115. It is an extremely radioactive element; its most stable known isotope, moscovium-289, has a half-life of only 220 milliseconds. It is also known as eka-bismuth or simply element 115.",Mc,15,7,1s2 2s2 2p6 3s2 3p6 4s2 3d10 4p6 5s2 4d10 5p6 6s2 4f14 5d10 6p6 7s2 5f14 6d10 7p3,*[Rn] 5f14 6d10 7s2 7p3,35.3,N/A,N/A
Livermorium,N/A,293,1085,"unknown, probably post-transition metal",12.9,Joint Institute for Nuclear Research,709,N/A,116,7,Solid,https://en.wikipedia.org/wiki/Livermorium,N/A,"Livermorium is a synthetic superheavy element with symbol Lv and atomic number 116. It is an extremely radioactive element that has only been created in the laboratory and has not been observed in nature. The element is named after the Lawrence Livermore National Laboratory in the United States, which collaborated with the Joint Institute for Nuclear Research in Dubna, Russia to discover livermorium in 2000.",Lv,16,7,1s2 2s2 2p6 3s2 3p6 4s2 3d10 4p6 5s2 4d10 5p6 6s2 4f14 5d10 6p6 7s2 5f14 6d10 7p4,*[Rn] 5f14 6d10 7s2 7p4,74.9,N/A,N/A
Tennessine,N/A,294,883,"unknown, probably metalloid",7.17,Joint Institute for Nuclear Research,723,N/A,117,7,Solid,https://en.wikipedia.org/wiki/Tennessine,N/A,"Tennessine is a superheavy artificial chemical element with an atomic number of 117 and a symbol of Ts. Also known as eka-astatine or element 117, it is the second-heaviest known element and penultimate element of the 7th period of the periodic table. As of 2016, fifteen tennessine atoms have been observed:six when it was first synthesized in 2010, seven in 2012, and two in 2014.",Ts,17,7,1s2 2s2 2p6 3s2 3p6 4s2 3d10 4p6 5s2 4d10 5p6 6s2 4f14 5d10 6p6 7s2 5f14 6d10 7p5,*[Rn] 5f14 6d10 7s2 7p5,165.9,N/A,N/A
Oganesson,N/A,294,350,"unknown, predicted to be noble gas",4.95,Joint Institute for Nuclear Research,N/A,N/A,118,7,Solid,https://en.wikipedia.org/wiki/Oganesson,N/A,"Oganesson is IUPAC's name for the transactinide element with the atomic number 118 and element symbol Og. It is also known as eka-radon or element 118, and on the periodic table of the elements it is a p-block element and the last one of the 7th period. Oganesson is currently the only synthetic member of group 18.",Og,18,7,1s2 2s2 2p6 3s2 3p6 4s2 3d10 4p6 5s2 4d10 5p6 6s2 4f14 5d10 6p6 7s2 5f14 6d10 7p6,*[Rn] 5f14 6d10 7s2 7p6,5.40318,N/A,N/A
Ununennium,N/A,315,630,"unknown, but predicted to be an alkali metal",3,GSI Helmholtz Centre for Heavy Ion Research,N/A,N/A,119,8,Solid,https://en.wikipedia.org/wiki/Ununennium,N/A,"Ununennium, also known as eka-francium or simply element 119, is the hypothetical chemical element with symbol Uue and atomic number 119. Ununennium and Uue are the temporary systematic IUPAC name and symbol respectively, until a permanent name is decided upon. In the periodic table of the elements, it is expected to be an s-block element, an alkali metal, and the first element in the eighth period.",Uue,1,8,1s2 2s2 2p6 3s2 3p6 4s2 3d10 4p6 5s2 4d10 5p6 6s2 4f14 5d10 6p6 7s2 5f14 6d10 7p6 8s1,*[Uuo] 8s1,63.87,N/A,N/A
